timestamp;temperature;temp_outside
2024-06-01T13:30:00;30,788261;33,255595
2024-06-01T13:35:00;30,788261;33,373381
2024-06-01T13:40:00;30,768621;32,961129
2024-06-01T13:45:00;30,748981;32,69611
2024-06-01T13:50:00;30,739161;33,059284
2024-06-01T13:55:00;30,739161;33,108362
2024-06-01T14:00:00;30,729341;32,244597
2024-06-01T14:05:00;30,729341;31,802899
2024-06-01T14:10:00;30,719521;31,901054
2024-06-01T14:15:00;30,719521;30,644668
2024-06-01T14:20:00;30,709702;29,918442
2024-06-01T14:25:00;30,699882;29,340193
2024-06-01T14:30:00;30,690062;29,359795
2024-06-01T14:35:00;30,690062;29,546011
2024-06-01T14:40:00;30,699882;29,06577
2024-06-01T14:45:00;30,680242;28,575729
2024-06-01T14:50:00;30,690062;27,811265
2024-06-01T14:55:00;30,680242;27,184012
2024-06-01T15:00:00;30,670422;26,80178
2024-06-01T15:05:00;30,670422;26,576361
2024-06-01T15:10:00;30,660602;26,478352
2024-06-01T15:15:00;30,650782;26,497954
2024-06-01T15:20:00;30,650782;26,635166
2024-06-01T15:25:00;30,650782;26,576361
2024-06-01T15:30:00;30,650782;26,262734
2024-06-01T15:35:00;30,660602;26,439149
2024-06-01T15:40:00;30,650782;26,840983
2024-06-01T15:45:00;30,660602;27,233016
2024-06-01T15:50:00;30,650782;27,556443
2024-06-01T15:55:00;30,650782;27,693655
2024-06-01T16:00:00;30,650782;27,625049
2024-06-01T16:05:00;30,650782;27,63485
2024-06-01T16:10:00;30,660602;27,87007
2024-06-01T16:15:00;30,670422;28,11509
2024-06-01T16:20:00;30,670422;28,556127
2024-06-01T16:25:00;30,680242;28,781546
2024-06-01T16:30:00;30,670422;28,879555
2024-06-01T16:35:00;30,680242;29,134376
2024-06-01T16:40:00;30,690062;29,340193
2024-06-01T16:45:00;30,699882;29,369596
2024-06-01T16:50:00;30,709702;29,232384
2024-06-01T16:55:00;30,709702;29,144177
2024-06-01T17:00:00;30,709702;29,06577
2024-06-01T17:05:00;30,719521;28,810949
2024-06-01T17:10:00;30,729341;28,438518
2024-06-01T17:15:00;30,739161;27,977879
2024-06-01T17:20:00;30,739161;27,478037
2024-06-01T17:25:00;30,739161;26,703771
2024-06-01T17:30:00;30,739161;26,115722
2024-06-01T17:35:00;30,729341;25,831498
2024-06-01T17:40:00;30,729341;25,713888
2024-06-01T17:45:00;30,729341;25,684486
2024-06-01T17:50:00;30,729341;25,635481
2024-06-01T17:55:00;30,719521;25,625681
2024-06-01T18:00:00;30,709702;25,664884
2024-06-01T18:05:00;30,699882;25,713888
2024-06-01T18:10:00;30,690062;25,792295
2024-06-01T18:15:00;30,699882;25,821697
2024-06-01T18:20:00;30,690062;25,792295
2024-06-01T18:25:00;30,690062;25,664884
2024-06-01T18:30:00;30,690062;25,527672
2024-06-01T18:35:00;30,690062;25,370859
2024-06-01T18:40:00;30,690062;25,214046
2024-06-01T18:45:00;30,699882;25,194444
2024-06-01T18:50:00;30,680242;25,184643
2024-06-01T18:55:00;30,680242;25,155241
2024-06-01T19:00:00;30,680242;25,155241
2024-06-01T19:05:00;30,670422;25,096436
2024-06-01T19:10:00;30,670422;25,008229
2024-06-01T19:15:00;30,660602;24,773348
2024-06-01T19:20:00;30,670422;24,577624
2024-06-01T19:25:00;30,650782;24,391687
2024-06-01T19:30:00;30,660602;24,244894
2024-06-01T19:35:00;30,640962;24,107888
2024-06-01T19:40:00;30,631142;23,931736
2024-06-01T19:45:00;30,621322;23,804516
2024-06-01T19:50:00;30,611503;23,706654
2024-06-01T19:55:00;30,611503;23,608792
2024-06-01T20:00:00;30,601683;23,520717
2024-06-01T20:05:00;30,601683;23,364138
2024-06-01T20:10:00;30,591863;23,187987
2024-06-01T20:15:00;30,582043;23,119483
2024-06-01T20:20:00;30,572223;23,041194
2024-06-01T20:25:00;30,552583;22,92376
2024-06-01T20:30:00;30,532943;22,84547
2024-06-01T20:35:00;30,523123;22,747608
2024-06-01T20:40:00;30,513303;22,649747
2024-06-01T20:45:00;30,513303;22,591029
2024-06-01T20:50:00;30,503484;22,581243
2024-06-01T20:55:00;30,493664;22,561671
2024-06-01T21:00:00;30,474024;22,551885
2024-06-01T21:05:00;30,464204;22,63996
2024-06-01T21:10:00;30,444564;22,728036
2024-06-01T21:15:00;30,434744;22,816112
2024-06-01T21:20:00;30,424924;22,874829
2024-06-01T21:25:00;30,415104;22,894401
2024-06-01T21:30:00;30,405284;22,904187
2024-06-01T21:35:00;30,375825;22,894401
2024-06-01T21:40:00;30,375825;22,816112
2024-06-01T21:45:00;30,356185;22,708464
2024-06-01T21:50:00;30,346365;22,591029
2024-06-01T21:55:00;30,326725;22,375733
2024-06-01T22:00:00;30,307085;22,170224
2024-06-01T22:05:00;30,287446;22,013645
2024-06-01T22:10:00;30,287446;21,857066
2024-06-01T22:15:00;30,287446;21,739632
2024-06-01T22:20:00;30,277626;21,651556
2024-06-01T22:25:00;30,257986;21,573267
2024-06-01T22:30:00;30,228526;21,524336
2024-06-01T22:35:00;30,218706;21,465619
2024-06-01T22:40:00;30,199066;21,406901
2024-06-01T22:45:00;30,179427;21,181819
2024-06-01T22:50:00;30,169607;20,976309
2024-06-01T22:55:00;30,149967;20,976309
2024-06-01T23:00:00;30,149967;21,035027
2024-06-01T23:05:00;30,140147;21,064385
2024-06-01T23:10:00;30,130327;21,240536
2024-06-01T23:15:00;30,091047;21,377543
2024-06-01T23:20:00;30,081228;21,357971
2024-06-01T23:25:00;30,061588;21,240536
2024-06-01T23:30:00;30,041948;21,044813
2024-06-01T23:35:00;30,022308;20,849089
2024-06-01T23:40:00;30,012488;20,643579
2024-06-01T23:45:00;29,992859;20,447856
2024-06-01T23:50:00;29,992859;20,301063
2024-06-01T23:55:00;29,983054;20,23256
2024-06-02T00:00:00;29,963443;20,222773
2024-06-02T00:05:00;29,943833;20,193415
2024-06-02T00:10:00;29,924223;20,193415
2024-06-02T00:15:00;29,894807;20,23256
2024-06-02T00:20:00;29,875197;20,379352
2024-06-02T00:25:00;29,855586;20,614221
2024-06-02T00:30:00;29,845781;20,878448
2024-06-02T00:35:00;29,835976;21,054599
2024-06-02T00:40:00;29,816365;21,10353
2024-06-02T00:45:00;29,78695;21,083957
2024-06-02T00:50:00;29,777144;21,015454
2024-06-02T00:55:00;29,757534;20,976309
2024-06-02T01:00:00;29,737924;20,907806
2024-06-02T01:05:00;29,718313;20,819731
2024-06-02T01:10:00;29,698703;20,741441
2024-06-02T01:15:00;29,679092;20,643579
2024-06-02T01:20:00;29,669287;20,545717
2024-06-02T01:25:00;29,659482;20,438069
2024-06-02T01:30:00;29,639872;20,320635
2024-06-02T01:35:00;29,620261;20,173843
2024-06-02T01:40:00;29,590845;20,02705
2024-06-02T01:45:00;29,571235;19,890207
2024-06-02T01:50:00;29,541819;19,792492
2024-06-02T01:55:00;29,532014;19,694776
2024-06-02T02:00:00;29,512404;19,59706
2024-06-02T02:05:00;29,492793;19,479801
2024-06-02T02:10:00;29,482988;19,372314
2024-06-02T02:15:00;29,463378;19,274598
2024-06-02T02:20:00;29,433962;19,157339
2024-06-02T02:25:00;29,414352;19,030308
2024-06-02T02:30:00;29,394741;18,913049
2024-06-02T02:35:00;29,365326;18,805562
2024-06-02T02:40:00;29,35552;18,688303
2024-06-02T02:45:00;29,33591;18,619902
2024-06-02T02:50:00;29,306494;18,541729
2024-06-02T02:55:00;29,296689;18,444013
2024-06-02T03:00:00;29,267273;18,346297
2024-06-02T03:05:00;29,247663;18,268125
2024-06-02T03:10:00;29,228053;18,189952
2024-06-02T03:15:00;29,198637;18,121551
2024-06-02T03:20:00;29,179027;18,05315
2024-06-02T03:25:00;29,149611;17,974977
2024-06-02T03:30:00;29,130001;17,877262
2024-06-02T03:35:00;29,100585;17,80886
2024-06-02T03:40:00;29,080974;17,711145
2024-06-02T03:45:00;29,061364;17,662287
2024-06-02T03:50:00;29,031948;17,68183
2024-06-02T03:55:00;29,012338;17,672058
2024-06-02T04:00:00;28,992728;17,603657
2024-06-02T04:05:00;28,973117;17,545028
2024-06-02T04:10:00;28,943701;17,535256
2024-06-02T04:15:00;28,933896;17,505941
2024-06-02T04:20:00;28,904481;17,515713
2024-06-02T04:25:00;28,88487;17,49617
2024-06-02T04:30:00;28,86526;17,447312
2024-06-02T04:35:00;28,845649;17,388682
2024-06-02T04:40:00;28,816234;17,300738
2024-06-02T04:45:00;28,796623;17,25188
2024-06-02T04:50:00;28,777013;17,212794
2024-06-02T04:55:00;28,737792;17,183479
2024-06-02T05:00:00;28,727987;17,232337
2024-06-02T05:05:00;28,718182;17,31051
2024-06-02T05:10:00;28,698571;17,349596
2024-06-02T05:15:00;28,688766;17,369139
2024-06-02T05:20:00;28,678961;18,287668
2024-06-02T05:25:00;28,669156;19,04008
2024-06-02T05:30:00;28,65935;19,59706
2024-06-02T05:35:00;28,649545;20,124912
2024-06-02T05:40:00;28,65935;20,330421
2024-06-02T05:45:00;28,65935;20,144484
2024-06-02T05:50:00;28,63974;18,932592
2024-06-02T05:55:00;28,63974;18,307211
2024-06-02T06:00:00;28,62013;17,984749
2024-06-02T06:05:00;28,600519;17,769774
2024-06-02T06:10:00;28,580909;17,584114
2024-06-02T06:15:00;28,561298;17,525485
2024-06-02T06:20:00;28,541688;17,43754
2024-06-02T06:25:00;28,522077;17,369139
2024-06-02T06:30:00;28,502467;17,330053
2024-06-02T06:35:00;28,482857;17,31051
2024-06-02T06:40:00;28,463246;17,290967
2024-06-02T06:45:00;28,453441;17,271424
2024-06-02T06:50:00;28,424025;17,193251
2024-06-02T06:55:00;28,39461;17,095535
2024-06-02T07:00:00;28,374999;17,017362
2024-06-02T07:05:00;28,355389;16,948961
2024-06-02T07:10:00;28,335778;16,978276
2024-06-02T07:15:00;28,316168;16,909875
2024-06-02T07:20:00;28,286752;16,900103
2024-06-02T07:25:00;28,276947;16,88056
2024-06-02T07:30:00;28,267142;16,929418
2024-06-02T07:35:00;28,247531;17,056449
2024-06-02T07:40:00;28,237726;17,203022
2024-06-02T07:45:00;28,227921;17,574343
2024-06-02T07:50:00;28,257337;18,698074
2024-06-02T07:55:00;28,247531;18,961907
2024-06-02T08:00:00;28,286752;19,890207
2024-06-02T08:05:00;28,325973;20,633793
2024-06-02T08:10:00;28,325973;19,792492
2024-06-02T08:15:00;28,335778;18,98145
2024-06-02T08:20:00;28,325973;18,473328
2024-06-02T08:25:00;28,316168;18,29744
2024-06-02T08:30:00;28,306363;18,05315
2024-06-02T08:35:00;28,296558;17,994521
2024-06-02T08:40:00;28,286752;17,926119
2024-06-02T08:45:00;28,267142;17,818632
2024-06-02T08:50:00;28,267142;18,092236
2024-06-02T08:55:00;28,247531;17,847947
2024-06-02T09:00:00;28,227921;17,554799
2024-06-02T09:05:00;28,198505;17,408226
2024-06-02T09:10:00;28,16909;17,222566
2024-06-02T09:15:00;28,139674;17,242109
2024-06-02T09:20:00;28,110259;17,173708
2024-06-02T09:25:00;28,080843;17,105307
2024-06-02T09:30:00;28,061232;16,900103
2024-06-02T09:35:00;28,041622;16,802388
2024-06-02T09:40:00;28,022012;16,704672
2024-06-02T09:45:00;27,992596;16,636271
2024-06-02T09:50:00;27,982791;16,606956
2024-06-02T09:55:00;27,96318;16,714443
2024-06-02T10:00:00;27,94357;16,812159
2024-06-02T10:05:00;27,923959;16,900103
2024-06-02T10:10:00;27,914154;16,841474
2024-06-02T10:15:00;27,904349;16,763301
2024-06-02T10:20:00;27,874933;16,714443
2024-06-02T10:25:00;27,865128;16,665585
2024-06-02T10:30:00;27,845518;16,655814
2024-06-02T10:35:00;27,825907;16,646042
2024-06-02T10:40:00;27,816102;16,479925
2024-06-02T10:45:00;27,796492;16,32358
2024-06-02T10:50:00;27,786687;16,470154
2024-06-02T10:55:00;27,776881;16,597184
2024-06-02T11:00:00;27,767076;16,763301
2024-06-02T11:05:00;27,747466;16,88056
2024-06-02T11:10:00;27,73766;17,115078
2024-06-02T11:15:00;27,727855;17,505941
2024-06-02T11:20:00;27,71805;17,613429
2024-06-02T11:25:00;27,708245;17,730688
2024-06-02T11:30:00;27,708245;17,750231
2024-06-02T11:35:00;27,688634;17,730688
2024-06-02T11:40:00;27,678829;17,799089
2024-06-02T11:45:00;27,669024;17,906576
2024-06-02T11:50:00;27,669024;17,779546
2024-06-02T11:55:00;27,659219;17,955434
2024-06-02T12:00:00;27,659219;18,336526
2024-06-02T12:05:00;27,659219;18,756704
2024-06-02T12:10:00;27,639608;19,069394
2024-06-02T12:15:00;27,639608;19,342999
2024-06-02T12:20:00;27,649414;19,772948
2024-06-02T12:25:00;27,639608;20,203201
2024-06-02T12:30:00;27,639608;20,516359
2024-06-02T12:35:00;27,659219;21,416688
2024-06-02T12:40:00;27,69844;22,825898
2024-06-02T12:45:00;27,708245;22,796539
2024-06-02T12:50:00;27,71805;22,434451
2024-06-02T12:55:00;27,727855;22,013645
2024-06-02T13:00:00;27,727855;21,710273
2024-06-02T13:05:00;27,73766;21,827707
2024-06-02T13:10:00;27,73766;22,30723
2024-06-02T13:15:00;27,747466;22,816112
2024-06-02T13:20:00;27,767076;24,558052
2024-06-02T13:25:00;27,776881;26,125523
2024-06-02T13:30:00;27,786687;26,733174
2024-06-02T13:35:00;27,806297;27,429033
2024-06-02T13:40:00;27,816102;27,389829
2024-06-02T13:45:00;27,825907;27,340825
2024-06-02T13:50:00;27,825907;27,340825
2024-06-02T13:55:00;27,835713;27,105605
2024-06-02T14:00:00;27,845518;26,458751
2024-06-02T14:05:00;27,845518;26,409747
2024-06-02T14:10:00;27,845518;26,44895
2024-06-02T14:15:00;27,845518;26,262734
2024-06-02T14:20:00;27,845518;26,174527
2024-06-02T14:25:00;27,855323;26,115722
2024-06-02T14:30:00;27,855323;26,017714
2024-06-02T14:35:00;27,865128;25,968709
2024-06-02T14:40:00;27,874933;26,037315
2024-06-02T14:45:00;27,874933;26,105921
2024-06-02T14:50:00;27,874933;25,958909
2024-06-02T14:55:00;27,874933;25,792295
2024-06-02T15:00:00;27,894544;25,831498
2024-06-02T15:05:00;27,894544;25,97851
2024-06-02T15:10:00;27,904349;26,037315
2024-06-02T15:15:00;27,923959;25,929506
2024-06-02T15:20:00;27,914154;25,802095
2024-06-02T15:25:00;27,933765;25,704087
2024-06-02T15:30:00;27,94357;25,576676
2024-06-02T15:35:00;27,953375;25,547274
2024-06-02T15:40:00;27,953375;25,517872
2024-06-02T15:45:00;27,972986;25,488469
2024-06-02T15:50:00;27,982791;25,449266
2024-06-02T15:55:00;27,992596;25,429664
2024-06-02T16:00:00;28,012206;25,390461
2024-06-02T16:05:00;28,022012;25,321855
2024-06-02T16:10:00;28,031817;25,282652
2024-06-02T16:15:00;28,041622;25,047432
2024-06-02T16:20:00;28,061232;24,929927
2024-06-02T16:25:00;28,071038;24,910354
2024-06-02T16:30:00;28,080843;24,929927
2024-06-02T16:35:00;28,100453;24,988644
2024-06-02T16:40:00;28,120064;24,910354
2024-06-02T16:45:00;28,139674;25,018029
2024-06-02T16:50:00;28,149479;25,204245
2024-06-02T16:55:00;28,16909;25,26305
2024-06-02T17:00:00;28,1887;25,253249
2024-06-02T17:05:00;28,208311;25,223847
2024-06-02T17:10:00;28,218116;25,008229
2024-06-02T17:15:00;28,237726;24,724417
2024-06-02T17:20:00;28,257337;24,704845
2024-06-02T17:25:00;28,276947;24,832065
2024-06-02T17:30:00;28,286752;24,743989
2024-06-02T17:35:00;28,306363;24,518907
2024-06-02T17:40:00;28,325973;24,381901
2024-06-02T17:45:00;28,335778;24,323184
2024-06-02T17:50:00;28,335778;24,411259
2024-06-02T17:55:00;28,365194;24,293825
2024-06-02T18:00:00;28,384804;24,068743
2024-06-02T18:05:00;28,404415;23,853447
2024-06-02T18:10:00;28,424025;23,657723
2024-06-02T18:15:00;28,43383;23,491358
2024-06-02T18:20:00;28,453441;23,373924
2024-06-02T18:25:00;28,473051;23,373924
2024-06-02T18:30:00;28,492662;23,266276
2024-06-02T18:35:00;28,502467;23,217345
2024-06-02T18:40:00;28,522077;23,168414
2024-06-02T18:45:00;28,531883;22,874829
2024-06-02T18:50:00;28,541688;22,698677
2024-06-02T18:55:00;28,561298;22,483381
2024-06-02T19:00:00;28,571103;22,238727
2024-06-02T19:05:00;28,590714;22,189796
2024-06-02T19:10:00;28,600519;22,111507
2024-06-02T19:15:00;28,610324;21,788563
2024-06-02T19:20:00;28,610324;21,494977
2024-06-02T19:25:00;28,629935;21,357971
2024-06-02T19:30:00;28,62013;21,191605
2024-06-02T19:35:00;28,63974;21,064385
2024-06-02T19:40:00;28,649545;20,986096
2024-06-02T19:45:00;28,649545;20,888234
2024-06-02T19:50:00;28,65935;20,849089
2024-06-02T19:55:00;28,65935;20,819731
2024-06-02T20:00:00;28,678961;20,741441
2024-06-02T20:05:00;28,678961;20,643579
2024-06-02T20:10:00;28,678961;20,496787
2024-06-02T20:15:00;28,688766;20,428283
2024-06-02T20:20:00;28,698571;20,379352
2024-06-02T20:25:00;28,708376;20,340208
2024-06-02T20:30:00;28,708376;20,222773
2024-06-02T20:35:00;28,708376;20,183629
2024-06-02T20:40:00;28,727987;20,115125
2024-06-02T20:45:00;28,737792;20,066195
2024-06-02T20:50:00;28,747597;19,96838
2024-06-02T20:55:00;28,747597;19,860893
2024-06-02T21:00:00;28,757402;19,753405
2024-06-02T21:05:00;28,757402;19,587288
2024-06-02T21:10:00;28,757402;19,421171
2024-06-02T21:15:00;28,757402;19,313684
2024-06-02T21:20:00;28,757402;19,245283
2024-06-02T21:25:00;28,757402;19,128024
2024-06-02T21:30:00;28,757402;19,000993
2024-06-02T21:35:00;28,767208;18,873963
2024-06-02T21:40:00;28,757402;18,707846
2024-06-02T21:45:00;28,757402;18,512414
2024-06-02T21:50:00;28,747597;18,356069
2024-06-02T21:55:00;28,727987;18,219267
2024-06-02T22:00:00;28,737792;18,072693
2024-06-02T22:05:00;28,727987;17,916348
2024-06-02T22:10:00;28,737792;17,789317
2024-06-02T22:15:00;28,727987;17,672058
2024-06-02T22:20:00;28,718182;17,584114
2024-06-02T22:25:00;28,708376;17,49617
2024-06-02T22:30:00;28,698571;17,427769
2024-06-02T22:35:00;28,669156;17,369139
2024-06-02T22:40:00;28,669156;17,281195
2024-06-02T22:45:00;28,649545;17,144393
2024-06-02T22:50:00;28,65935;16,958733
2024-06-02T22:55:00;28,63974;16,812159
2024-06-02T23:00:00;28,63974;16,636271
2024-06-02T23:05:00;28,629935;16,450611
2024-06-02T23:10:00;28,62013;16,216093
2024-06-02T23:15:00;28,590714;15,95226
2024-06-02T23:20:00;28,571103;15,756828
2024-06-02T23:25:00;28,561298;15,590711
2024-06-02T23:30:00;28,541688;15,434366
2024-06-02T23:35:00;28,531883;15,297564
2024-06-02T23:40:00;28,522077;15,190077
2024-06-02T23:45:00;28,512272;15,053275
2024-06-02T23:50:00;28,512272;14,926354
2024-06-02T23:55:00;28,492662;14,80927
2024-06-03T00:00:00;28,463246;14,662914
2024-06-03T00:05:00;28,443636;14,516559
2024-06-03T00:10:00;28,43383;14,399474
2024-06-03T00:15:00;28,404415;14,340932
2024-06-03T00:20:00;28,39461;14,301904
2024-06-03T00:25:00;28,384804;14,272633
2024-06-03T00:30:00;28,365194;14,243362
2024-06-03T00:35:00;28,345584;14,194577
2024-06-03T00:40:00;28,325973;14,126278
2024-06-03T00:45:00;28,306363;14,08725
2024-06-03T00:50:00;28,286752;14,018951
2024-06-03T00:55:00;28,267142;13,960408
2024-06-03T01:00:00;28,247531;13,92138
2024-06-03T01:05:00;28,237726;13,892109
2024-06-03T01:10:00;28,208311;13,843324
2024-06-03T01:15:00;28,208311;13,775025
2024-06-03T01:20:00;28,208311;13,784782
2024-06-03T01:25:00;28,198505;13,775025
2024-06-03T01:30:00;28,16909;13,765268
2024-06-03T01:35:00;28,149479;13,814053
2024-06-03T01:40:00;28,129869;13,843324
2024-06-03T01:45:00;28,110259;13,862838
2024-06-03T01:50:00;28,090648;13,794539
2024-06-03T01:55:00;28,080843;13,657941
2024-06-03T02:00:00;28,071038;13,550613
2024-06-03T02:05:00;28,061232;13,472557
2024-06-03T02:10:00;28,051427;13,355473
2024-06-03T02:15:00;28,031817;13,209117
2024-06-03T02:20:00;28,012206;13,131061
2024-06-03T02:25:00;27,992596;13,092033
2024-06-03T02:30:00;27,953375;13,092033
2024-06-03T02:35:00;27,94357;13,053005
2024-06-03T02:40:00;27,923959;12,974949
2024-06-03T02:45:00;27,914154;12,896893
2024-06-03T02:50:00;27,904349;12,828594
2024-06-03T02:55:00;27,894544;12,809079
2024-06-03T03:00:00;27,874933;12,74078
2024-06-03T03:05:00;27,855323;12,701752
2024-06-03T03:10:00;27,835713;12,672481
2024-06-03T03:15:00;27,796492;12,682238
2024-06-03T03:20:00;27,786687;12,701752
2024-06-03T03:25:00;27,767076;12,721266
2024-06-03T03:30:00;27,747466;12,760294
2024-06-03T03:35:00;27,727855;12,750537
2024-06-03T03:40:00;27,708245;12,789565
2024-06-03T03:45:00;27,708245;12,857865
2024-06-03T03:50:00;27,688634;13,062762
2024-06-03T03:55:00;27,669024;13,492071
2024-06-03T04:00:00;27,649414;13,979922
2024-06-03T04:05:00;27,629803;14,214091
2024-06-03T04:10:00;27,619998;14,409232
2024-06-03T04:15:00;27,600388;14,74097
2024-06-03T04:20:00;27,590582;14,955625
2024-06-03T04:25:00;27,590582;15,004417
2024-06-03T04:30:00;27,570972;14,984896
2024-06-03T04:35:00;27,551361;15,082589
2024-06-03T04:40:00;27,541556;15,317107
2024-06-03T04:45:00;27,531751;15,541854
2024-06-03T04:50:00;27,521946;16,069519
2024-06-03T04:55:00;27,502335;16,401753
2024-06-03T05:00:00;27,49253;16,831702
2024-06-03T05:05:00;27,49253;17,046677
2024-06-03T05:10:00;27,49253;16,958733
2024-06-03T05:15:00;27,49253;16,763301
2024-06-03T05:20:00;27,482725;17,417997
2024-06-03T05:25:00;27,482725;17,955434
2024-06-03T05:30:00;27,482725;18,463556
2024-06-03T05:35:00;27,482725;18,893506
2024-06-03T05:40:00;27,49253;19,176882
2024-06-03T05:45:00;27,502335;19,450486
2024-06-03T05:50:00;27,512141;19,626375
2024-06-03T05:55:00;27,512141;19,372314
2024-06-03T06:00:00;27,531751;19,157339
2024-06-03T06:05:00;27,541556;19,645918
2024-06-03T06:10:00;27,561167;19,958608
2024-06-03T06:15:00;27,580777;19,948837
2024-06-03T06:20:00;27,600388;20,271704
2024-06-03T06:25:00;27,619998;20,56529
2024-06-03T06:30:00;27,649414;20,741441
2024-06-03T06:35:00;27,69844;21,02524
2024-06-03T06:40:00;27,73766;21,573267
2024-06-03T06:45:00;27,776881;22,043003
2024-06-03T06:50:00;27,816102;21,759204
2024-06-03T06:55:00;27,855323;22,140865
2024-06-03T07:00:00;27,894544;22,581243
2024-06-03T07:05:00;27,923959;22,10172
2024-06-03T07:10:00;27,923959;20,888234
2024-06-03T07:15:00;27,933765;20,007477
2024-06-03T07:20:00;27,923959;19,557974
2024-06-03T07:25:00;27,914154;19,303912
2024-06-03T07:30:00;27,904349;19,108481
2024-06-03T07:35:00;27,884739;19,000993
2024-06-03T07:40:00;27,865128;19,079166
2024-06-03T07:45:00;27,855323;19,069394
2024-06-03T07:50:00;27,835713;18,942364
2024-06-03T07:55:00;27,806297;18,815333
2024-06-03T08:00:00;27,776881;18,707846
2024-06-03T08:05:00;27,767076;18,815333
2024-06-03T08:10:00;27,747466;19,020537
2024-06-03T08:15:00;27,73766;19,128024
2024-06-03T08:20:00;27,727855;19,079166
2024-06-03T08:25:00;27,71805;19,118252
2024-06-03T08:30:00;27,71805;19,401628
2024-06-03T08:35:00;27,727855;19,919522
2024-06-03T08:40:00;27,747466;20,712083
2024-06-03T08:45:00;27,776881;21,504763
2024-06-03T08:50:00;27,796492;22,043003
2024-06-03T08:55:00;27,855323;23,295634
2024-06-03T09:00:00;27,904349;23,814302
2024-06-03T09:05:00;27,933765;23,618578
2024-06-03T09:10:00;27,96318;23,168414
2024-06-03T09:15:00;27,982791;22,884615
2024-06-03T09:20:00;28,012206;22,943332
2024-06-03T09:25:00;28,051427;23,227131
2024-06-03T09:30:00;28,129869;24,606983
2024-06-03T09:35:00;28,218116;25,635481
2024-06-03T09:40:00;28,237726;25,361058
2024-06-03T09:45:00;28,247531;24,195963
2024-06-03T09:50:00;28,257337;23,462
2024-06-03T09:55:00;28,296558;23,687082
2024-06-03T10:00:00;28,316168;23,393496
2024-06-03T10:05:00;28,296558;22,71825
2024-06-03T10:10:00;28,286752;21,778776
2024-06-03T10:15:00;28,257337;21,279681
2024-06-03T10:20:00;28,237726;21,083957
2024-06-03T10:25:00;28,227921;21,005668
2024-06-03T10:30:00;28,208311;21,172033
2024-06-03T10:35:00;28,1887;21,083957
2024-06-03T10:40:00;28,178895;20,937165
2024-06-03T10:45:00;28,16909;21,191605
2024-06-03T10:50:00;28,178895;21,592839
2024-06-03T10:55:00;28,1887;22,111507
2024-06-03T11:00:00;28,208311;22,522526
2024-06-03T11:05:00;28,208311;22,610602
2024-06-03T11:10:00;28,218116;22,434451
2024-06-03T11:15:00;28,247531;22,855256
2024-06-03T11:20:00;28,267142;22,786753
2024-06-03T11:25:00;28,267142;22,776967
2024-06-03T11:30:00;28,286752;23,139056
2024-06-03T11:35:00;28,286752;22,992263
2024-06-03T11:40:00;28,296558;22,767181
2024-06-03T11:45:00;28,306363;22,894401
2024-06-03T11:50:00;28,306363;22,835684
2024-06-03T11:55:00;28,325973;22,865043
2024-06-03T12:00:00;28,316168;22,434451
2024-06-03T12:05:00;28,316168;22,248513
2024-06-03T12:10:00;28,306363;22,248513
2024-06-03T12:15:00;28,296558;22,317016
2024-06-03T12:20:00;28,286752;22,434451
2024-06-03T12:25:00;28,296558;22,268085
2024-06-03T12:30:00;28,296558;22,248513
2024-06-03T12:35:00;28,286752;21,896211
2024-06-03T12:40:00;28,276947;21,524336
2024-06-03T12:45:00;28,267142;21,172033
2024-06-03T12:50:00;28,257337;20,809944
2024-06-03T12:55:00;28,257337;20,496787
2024-06-03T13:00:00;28,237726;20,349994
2024-06-03T13:05:00;28,227921;20,046622
2024-06-03T13:10:00;28,208311;20,23256
2024-06-03T13:15:00;28,218116;20,477214
2024-06-03T13:20:00;28,208311;20,545717
2024-06-03T13:25:00;28,208311;20,398925
2024-06-03T13:30:00;28,198505;20,252132
2024-06-03T13:35:00;28,198505;20,124912
2024-06-03T13:40:00;28,198505;20,193415
2024-06-03T13:45:00;28,178895;19,870664
2024-06-03T13:50:00;28,1887;19,636146
2024-06-03T13:55:00;28,178895;19,704547
2024-06-03T14:00:00;28,178895;19,714319
2024-06-03T14:05:00;28,1887;19,929294
2024-06-03T14:10:00;28,1887;20,193415
2024-06-03T14:15:00;28,1887;20,301063
2024-06-03T14:20:00;28,198505;20,56529
2024-06-03T14:25:00;28,208311;20,643579
2024-06-03T14:30:00;28,198505;20,643579
2024-06-03T14:35:00;28,218116;20,917592
2024-06-03T14:40:00;28,218116;21,250323
2024-06-03T14:45:00;28,227921;21,759204
2024-06-03T14:50:00;28,237726;22,160437
2024-06-03T14:55:00;28,247531;22,38552
2024-06-03T15:00:00;28,257337;22,551885
2024-06-03T15:05:00;28,247531;22,502954
2024-06-03T15:10:00;28,257337;22,454023
2024-06-03T15:15:00;28,257337;22,336589
2024-06-03T15:20:00;28,247531;22,131079
2024-06-03T15:25:00;28,257337;22,023431
2024-06-03T15:30:00;28,267142;21,76899
2024-06-03T15:35:00;28,267142;21,749418
2024-06-03T15:40:00;28,276947;22,199582
2024-06-03T15:45:00;28,286752;22,463809
2024-06-03T15:50:00;28,286752;22,454023
2024-06-03T15:55:00;28,286752;22,395306
2024-06-03T16:00:00;28,286752;22,111507
2024-06-03T16:05:00;28,286752;21,896211
2024-06-03T16:10:00;28,286752;21,739632
2024-06-03T16:15:00;28,286752;21,602625
2024-06-03T16:20:00;28,296558;21,416688
2024-06-03T16:25:00;28,296558;21,64177
2024-06-03T16:30:00;28,306363;21,592839
2024-06-03T16:35:00;28,306363;21,387329
2024-06-03T16:40:00;28,316168;21,123102
2024-06-03T16:45:00;28,316168;20,927379
2024-06-03T16:50:00;28,306363;20,868661
2024-06-03T16:55:00;28,306363;20,986096
2024-06-03T17:00:00;28,306363;20,956737
2024-06-03T17:05:00;28,316168;20,780586
2024-06-03T17:10:00;28,306363;20,467428
2024-06-03T17:15:00;28,316168;20,15427
2024-06-03T17:20:00;28,316168;19,802263
2024-06-03T17:25:00;28,316168;19,489572
2024-06-03T17:30:00;28,306363;19,128024
2024-06-03T17:35:00;28,296558;18,825105
2024-06-03T17:40:00;28,296558;18,678531
2024-06-03T17:45:00;28,276947;18,473328
2024-06-03T17:50:00;28,276947;18,150866
2024-06-03T17:55:00;28,267142;17,926119
2024-06-03T18:00:00;28,267142;17,828404
2024-06-03T18:05:00;28,257337;17,955434
2024-06-03T18:10:00;28,257337;18,082465
2024-06-03T18:15:00;28,247531;18,150866
2024-06-03T18:20:00;28,247531;18,170409
2024-06-03T18:25:00;28,237726;18,160637
2024-06-03T18:30:00;28,237726;18,102008
2024-06-03T18:35:00;28,227921;17,916348
2024-06-03T18:40:00;28,227921;17,945663
2024-06-03T18:45:00;28,218116;18,043378
2024-06-03T18:50:00;28,227921;18,11178
2024-06-03T18:55:00;28,218116;18,268125
2024-06-03T19:00:00;28,208311;18,404927
2024-06-03T19:05:00;28,208311;18,551501
2024-06-03T19:10:00;28,208311;18,619902
2024-06-03T19:15:00;28,198505;18,658988
2024-06-03T19:20:00;28,1887;18,541729
2024-06-03T19:25:00;28,1887;18,375612
2024-06-03T19:30:00;28,178895;18,189952
2024-06-03T19:35:00;28,16909;18,072693
2024-06-03T19:40:00;28,159285;17,955434
2024-06-03T19:45:00;28,159285;17,896805
2024-06-03T19:50:00;28,149479;17,857718
2024-06-03T19:55:00;28,139674;17,760003
2024-06-03T20:00:00;28,129869;17,6232
2024-06-03T20:05:00;28,120064;17,545028
2024-06-03T20:10:00;28,100453;17,49617
2024-06-03T20:15:00;28,100453;17,457084
2024-06-03T20:20:00;28,090648;17,427769
2024-06-03T20:25:00;28,080843;17,378911
2024-06-03T20:30:00;28,080843;17,261652
2024-06-03T20:35:00;28,080843;17,300738
2024-06-03T20:40:00;28,061232;17,417997
2024-06-03T20:45:00;28,061232;17,603657
2024-06-03T20:50:00;28,051427;17,701373
2024-06-03T20:55:00;28,041622;17,691602
2024-06-03T21:00:00;28,041622;17,505941
2024-06-03T21:05:00;28,031817;17,271424
2024-06-03T21:10:00;28,022012;16,997819
2024-06-03T21:15:00;28,022012;16,733987
2024-06-03T21:20:00;28,002401;16,519012
2024-06-03T21:25:00;28,002401;16,362666
2024-06-03T21:30:00;27,992596;16,284494
2024-06-03T21:35:00;27,982791;16,274722
2024-06-03T21:40:00;27,972986;16,284494
2024-06-03T21:45:00;27,96318;16,333352
2024-06-03T21:50:00;27,953375;16,391981
2024-06-03T21:55:00;27,94357;16,450611
2024-06-03T22:00:00;27,94357;16,479925
2024-06-03T22:05:00;27,933765;16,391981
2024-06-03T22:10:00;27,923959;16,284494
2024-06-03T22:15:00;27,923959;16,167235
2024-06-03T22:20:00;27,914154;16,167235
2024-06-03T22:25:00;27,904349;16,225864
2024-06-03T22:30:00;27,894544;16,157463
2024-06-03T22:35:00;27,874933;16,098834
2024-06-03T22:40:00;27,874933;16,020661
2024-06-03T22:45:00;27,855323;15,991346
2024-06-03T22:50:00;27,855323;15,922945
2024-06-03T22:55:00;27,845518;15,864316
2024-06-03T23:00:00;27,835713;15,786143
2024-06-03T23:05:00;27,816102;15,698199
2024-06-03T23:10:00;27,806297;15,590711
2024-06-03T23:15:00;27,786687;15,424595
2024-06-03T23:20:00;27,767076;15,287792
2024-06-03T23:25:00;27,757271;15,102132
2024-06-03T23:30:00;27,747466;14,838541
2024-06-03T23:35:00;27,73766;14,575101
2024-06-03T23:40:00;27,727855;14,321418
2024-06-03T23:45:00;27,71805;14,097007
2024-06-03T23:50:00;27,69844;13,901866
2024-06-03T23:55:00;27,678829;13,735997
2024-06-04T00:00:00;27,659219;13,609155
2024-06-04T00:05:00;27,649414;13,443286
2024-06-04T00:10:00;27,619998;13,414015
2024-06-04T00:15:00;27,600388;13,453043
2024-06-04T00:20:00;27,580777;13,472557
2024-06-04T00:25:00;27,561167;13,472557
2024-06-04T00:30:00;27,541556;13,482314
2024-06-04T00:35:00;27,512141;13,433529
2024-06-04T00:40:00;27,49253;13,414015
2024-06-04T00:45:00;27,47292;13,414015
2024-06-04T00:50:00;27,453309;13,394501
2024-06-04T00:55:00;27,423894;13,36523
2024-06-04T01:00:00;27,404283;13,306688
2024-06-04T01:05:00;27,384673;13,228632
2024-06-04T01:10:00;27,374868;13,131061
2024-06-04T01:15:00;27,365062;13,023734
2024-06-04T01:20:00;27,345452;12,945678
2024-06-04T01:25:00;27,325842;12,877379
2024-06-04T01:30:00;27,316036;12,779808
2024-06-04T01:35:00;27,296426;12,731023
2024-06-04T01:40:00;27,286621;12,613939
2024-06-04T01:45:00;27,257205;12,555397
2024-06-04T01:50:00;27,2474;12,506612
2024-06-04T01:55:00;27,227789;12,370013
2024-06-04T02:00:00;27,217984;12,233415
2024-06-04T02:05:00;27,198374;12,106574
2024-06-04T02:10:00;27,168958;12,01876
2024-06-04T02:15:00;27,168958;11,930947
2024-06-04T02:20:00;27,139543;11,882162
2024-06-04T02:25:00;27,139543;11,82362
2024-06-04T02:30:00;27,119932;11,765078
2024-06-04T02:35:00;27,100322;11,716293
2024-06-04T02:40:00;27,080711;11,618722
2024-06-04T02:45:00;27,070906;11,540666
2024-06-04T02:50:00;27,04149;11,501638
2024-06-04T02:55:00;27,031685;11,46261
2024-06-04T03:00:00;27,012075;11,345526
2024-06-04T03:05:00;26,992464;11,306498
2024-06-04T03:10:00;26,972854;11,277227
2024-06-04T03:15:00;26,963049;11,247956
2024-06-04T03:20:00;26,923828;11,208927
2024-06-04T03:25:00;26,923828;11,179656
2024-06-04T03:30:00;26,894412;11,150385
2024-06-04T03:35:00;26,884607;11,1016
2024-06-04T03:40:00;26,864997;11,238198
2024-06-04T03:45:00;26,845386;11,618722
2024-06-04T03:50:00;26,825776;11,843134
2024-06-04T03:55:00;26,79636;11,940704
2024-06-04T04:00:00;26,77675;12,08706
2024-06-04T04:05:00;26,757139;12,174873
2024-06-04T04:10:00;26,747334;12,301714
2024-06-04T04:15:00;26,727724;11,882162
2024-06-04T04:20:00;26,717918;11,716293
2024-06-04T04:25:00;26,708113;12,496855
2024-06-04T04:30:00;26,698308;12,613939
2024-06-04T04:35:00;26,668892;12,174873
2024-06-04T04:40:00;26,668892;12,574911
2024-06-04T04:45:00;26,649282;12,916407
2024-06-04T04:50:00;26,639477;13,384744
2024-06-04T04:55:00;26,629672;13,794539
2024-06-04T05:00:00;26,619866;14,126278
2024-06-04T05:05:00;26,619866;14,37996
2024-06-04T05:10:00;26,619866;14,682428
2024-06-04T05:15:00;26,610061;14,955625
2024-06-04T05:20:00;26,610061;15,190077
2024-06-04T05:25:00;26,610061;15,346422
2024-06-04T05:30:00;26,619866;15,561397
2024-06-04T05:35:00;26,619866;15,883859
2024-06-04T05:40:00;26,619866;15,786143
2024-06-04T05:45:00;26,629672;15,756828
2024-06-04T05:50:00;26,639477;15,7666
2024-06-04T05:55:00;26,649282;15,893631
2024-06-04T06:00:00;26,659087;16,098834
2024-06-04T06:05:00;26,668892;16,206321
2024-06-04T06:10:00;26,688503;16,284494
2024-06-04T06:15:00;26,698308;16,391981
2024-06-04T06:20:00;26,717918;16,479925
2024-06-04T06:25:00;26,747334;16,841474
2024-06-04T06:30:00;26,766945;17,036906
2024-06-04T06:35:00;26,79636;17,212794
2024-06-04T06:40:00;26,815971;17,281195
2024-06-04T06:45:00;26,845386;17,564571
2024-06-04T06:50:00;26,884607;17,926119
2024-06-04T06:55:00;26,914023;18,287668
2024-06-04T07:00:00;26,933633;18,512414
2024-06-04T07:05:00;26,953244;18,531958
2024-06-04T07:10:00;26,992464;18,551501
2024-06-04T07:15:00;27,02188;18,453785
2024-06-04T07:20:00;27,051296;18,600359
2024-06-04T07:25:00;27,080711;18,756704
2024-06-04T07:30:00;27,119932;19,118252
2024-06-04T07:35:00;27,159153;19,499344
2024-06-04T07:40:00;27,188569;19,860893
2024-06-04T07:45:00;27,237595;20,320635
2024-06-04T07:50:00;27,26701;20,741441
2024-06-04T07:55:00;27,306231;21,02524
2024-06-04T08:00:00;27,345452;21,191605
2024-06-04T08:05:00;27,384673;21,035027
2024-06-04T08:10:00;27,423894;21,083957
2024-06-04T08:15:00;27,453309;21,064385
2024-06-04T08:20:00;27,502335;21,318826
2024-06-04T08:25:00;27,531751;21,338398
2024-06-04T08:30:00;27,580777;21,935355
2024-06-04T08:35:00;27,619998;22,140865
2024-06-04T08:40:00;27,659219;22,287658
2024-06-04T08:45:00;27,69844;22,395306
2024-06-04T08:50:00;27,73766;22,816112
2024-06-04T08:55:00;27,767076;22,943332
2024-06-04T09:00:00;27,806297;23,217345
2024-06-04T09:05:00;27,845518;23,315207
2024-06-04T09:10:00;27,894544;23,422855
2024-06-04T09:15:00;27,933765;23,1782
2024-06-04T09:20:00;27,96318;22,962904
2024-06-04T09:25:00;28,002401;22,982477
2024-06-04T09:30:00;28,031817;23,119483
2024-06-04T09:35:00;28,071038;23,25649
2024-06-04T09:40:00;28,110259;23,491358
2024-06-04T09:45:00;28,139674;23,824088
2024-06-04T09:50:00;28,178895;23,951309
2024-06-04T09:55:00;28,218116;24,156818
2024-06-04T10:00:00;28,247531;24,264466
2024-06-04T10:05:00;28,286752;24,166605
2024-06-04T10:10:00;28,316168;24,469976
2024-06-04T10:15:00;28,345584;24,528693
2024-06-04T10:20:00;28,374999;24,509121
2024-06-04T10:25:00;28,404415;24,87121
2024-06-04T10:30:00;28,43383;25,155241
2024-06-04T10:35:00;28,473051;25,321855
2024-06-04T10:40:00;28,512272;25,449266
2024-06-04T10:45:00;28,551493;25,694286
2024-06-04T10:50:00;28,580909;25,900104
2024-06-04T10:55:00;28,610324;26,33134
2024-06-04T11:00:00;28,629935;26,194128
2024-06-04T11:05:00;28,65935;26,027514
2024-06-04T11:10:00;28,678961;26,488153
2024-06-04T11:15:00;28,688766;26,831182
2024-06-04T11:20:00;28,708376;26,546958
2024-06-04T11:25:00;28,737792;26,782178
2024-06-04T11:30:00;28,757402;27,056601
2024-06-04T11:35:00;28,777013;27,184012
2024-06-04T11:40:00;28,796623;27,272219
2024-06-04T11:45:00;28,806429;27,252618
2024-06-04T11:50:00;28,806429;27,703456
2024-06-04T11:55:00;28,826039;27,919074
2024-06-04T12:00:00;28,826039;27,889671
2024-06-04T12:05:00;28,835844;27,39963
2024-06-04T12:10:00;28,826039;26,948792
2024-06-04T12:15:00;28,835844;25,743291
2024-06-04T12:20:00;28,806429;24,430832
2024-06-04T12:25:00;28,777013;23,422855
2024-06-04T12:30:00;28,757402;23,618578
2024-06-04T12:35:00;28,747597;23,706654
2024-06-04T12:40:00;28,727987;23,775157
2024-06-04T12:45:00;28,698571;23,990453
2024-06-04T12:50:00;28,65935;24,33297
2024-06-04T12:55:00;28,629935;24,479762
2024-06-04T13:00:00;28,600519;24,900568
2024-06-04T13:05:00;28,561298;25,282652
2024-06-04T13:10:00;28,541688;25,253249
2024-06-04T13:15:00;28,512272;25,312054
2024-06-04T13:20:00;28,473051;25,361058
2024-06-04T13:25:00;28,443636;25,067034
2024-06-04T13:30:00;28,404415;25,067034
2024-06-04T13:35:00;28,374999;25,037631
2024-06-04T13:40:00;28,355389;24,6657
2024-06-04T13:45:00;28,316168;23,667509
2024-06-04T13:50:00;28,286752;23,373924
2024-06-04T13:55:00;28,276947;23,276062
2024-06-04T14:00:00;28,247531;22,776967
2024-06-04T14:05:00;28,227921;22,992263
2024-06-04T14:10:00;28,208311;23,462
2024-06-04T14:15:00;28,198505;23,217345
2024-06-04T14:20:00;28,178895;22,904187
2024-06-04T14:25:00;28,159285;22,532312
2024-06-04T14:30:00;28,149479;22,219155
2024-06-04T14:35:00;28,120064;21,671128
2024-06-04T14:40:00;28,110259;21,240536
2024-06-04T14:45:00;28,080843;21,015454
2024-06-04T14:50:00;28,071038;20,927379
2024-06-04T14:55:00;28,051427;20,868661
2024-06-04T15:00:00;28,031817;20,69251
2024-06-04T15:05:00;28,022012;20,535931
2024-06-04T15:10:00;28,002401;20,506573
2024-06-04T15:15:00;28,002401;20,604435
2024-06-04T15:20:00;27,992596;20,222773
2024-06-04T15:25:00;27,982791;19,841349
2024-06-04T15:30:00;27,982791;19,59706
2024-06-04T15:35:00;27,982791;19,430943
2024-06-04T15:40:00;27,982791;19,577517
2024-06-04T15:45:00;27,972986;19,303912
2024-06-04T15:50:00;27,972986;18,844648
2024-06-04T15:55:00;27,972986;18,932592
2024-06-04T16:00:00;27,96318;19,059623
2024-06-04T16:05:00;27,96318;18,913049
2024-06-04T16:10:00;27,953375;18,834877
2024-06-04T16:15:00;27,953375;18,639445
2024-06-04T16:20:00;27,94357;18,463556
2024-06-04T16:25:00;27,953375;18,307211
2024-06-04T16:30:00;27,953375;18,160637
2024-06-04T16:35:00;27,94357;18,05315
2024-06-04T16:40:00;27,94357;17,740459
2024-06-04T16:45:00;27,933765;17,427769
2024-06-04T16:50:00;27,923959;17,232337
2024-06-04T16:55:00;27,914154;17,056449
2024-06-04T17:00:00;27,914154;17,036906
2024-06-04T17:05:00;27,923959;17,242109
2024-06-04T17:10:00;27,923959;17,457084
2024-06-04T17:15:00;27,923959;17,642744
2024-06-04T17:20:00;27,923959;17,642744
2024-06-04T17:25:00;27,923959;17,271424
2024-06-04T17:30:00;27,923959;17,115078
2024-06-04T17:35:00;27,914154;17,036906
2024-06-04T17:40:00;27,923959;17,085763
2024-06-04T17:45:00;27,914154;17,25188
2024-06-04T17:50:00;27,933765;17,007591
2024-06-04T17:55:00;27,923959;16,792616
2024-06-04T18:00:00;27,933765;16,587413
2024-06-04T18:05:00;27,94357;16,362666
2024-06-04T18:10:00;27,933765;16,098834
2024-06-04T18:15:00;27,933765;16,020661
2024-06-04T18:20:00;27,923959;15,962032
2024-06-04T18:25:00;27,923959;15,864316
2024-06-04T18:30:00;27,923959;15,659113
2024-06-04T18:35:00;27,923959;15,463681
2024-06-04T18:40:00;27,914154;15,453909
2024-06-04T18:45:00;27,914154;15,414823
2024-06-04T18:50:00;27,923959;15,502767
2024-06-04T18:55:00;27,923959;15,483224
2024-06-04T19:00:00;27,923959;15,483224
2024-06-04T19:05:00;27,914154;15,571168
2024-06-04T19:10:00;27,904349;15,659113
2024-06-04T19:15:00;27,914154;15,58094
2024-06-04T19:20:00;27,914154;15,424595
2024-06-04T19:25:00;27,923959;15,278021
2024-06-04T19:30:00;27,914154;15,268249
2024-06-04T19:35:00;27,923959;15,238935
2024-06-04T19:40:00;27,923959;15,111904
2024-06-04T19:45:00;27,933765;15,063046
2024-06-04T19:50:00;27,923959;14,975139
2024-06-04T19:55:00;27,933765;14,877569
2024-06-04T20:00:00;27,914154;14,90684
2024-06-04T20:05:00;27,914154;14,828784
2024-06-04T20:10:00;27,914154;14,838541
2024-06-04T20:15:00;27,914154;14,877569
2024-06-04T20:20:00;27,914154;14,975139
2024-06-04T20:25:00;27,933765;15,121676
2024-06-04T20:30:00;27,923959;15,053275
2024-06-04T20:35:00;27,914154;15,02396
2024-06-04T20:40:00;27,914154;14,955625
2024-06-04T20:45:00;27,914154;14,858055
2024-06-04T20:50:00;27,914154;14,74097
2024-06-04T20:55:00;27,914154;14,584858
2024-06-04T21:00:00;27,914154;14,54583
2024-06-04T21:05:00;27,914154;14,506802
2024-06-04T21:10:00;27,914154;14,399474
2024-06-04T21:15:00;27,904349;14,311661
2024-06-04T21:20:00;27,904349;14,136035
2024-06-04T21:25:00;27,904349;13,872595
2024-06-04T21:30:00;27,884739;13,618913
2024-06-04T21:35:00;27,874933;13,423772
2024-06-04T21:40:00;27,855323;13,218875
2024-06-04T21:45:00;27,845518;13,033491
2024-06-04T21:50:00;27,845518;12,90665
2024-06-04T21:55:00;27,835713;12,770051
2024-06-04T22:00:00;27,835713;12,64321
2024-06-04T22:05:00;27,825907;12,535883
2024-06-04T22:10:00;27,816102;12,428556
2024-06-04T22:15:00;27,796492;12,350499
2024-06-04T22:20:00;27,776881;12,262686
2024-06-04T22:25:00;27,747466;12,213901
2024-06-04T22:30:00;27,73766;12,204144
2024-06-04T22:35:00;27,71805;12,155359
2024-06-04T22:40:00;27,708245;12,096817
2024-06-04T22:45:00;27,708245;12,01876
2024-06-04T22:50:00;27,688634;11,999246
2024-06-04T22:55:00;27,669024;11,999246
2024-06-04T23:00:00;27,639608;11,969975
2024-06-04T23:05:00;27,629803;11,901676
2024-06-04T23:10:00;27,600388;11,843134
2024-06-04T23:15:00;27,590582;11,794349
2024-06-04T23:20:00;27,570972;11,745564
2024-06-04T23:25:00;27,551361;11,677265
2024-06-04T23:30:00;27,551361;11,608965
2024-06-04T23:35:00;27,531751;11,521152
2024-06-04T23:40:00;27,512141;11,423582
2024-06-04T23:45:00;27,49253;11,316255
2024-06-04T23:50:00;27,482725;11,208927
2024-06-04T23:55:00;27,453309;11,121114
2024-06-05T00:00:00;27,443504;11,052815
2024-06-05T00:05:00;27,423894;11,013787
2024-06-05T00:10:00;27,404283;10,974759
2024-06-05T00:15:00;27,404283;10,955245
2024-06-05T00:20:00;27,384673;10,916217
2024-06-05T00:25:00;27,374868;10,877189
2024-06-05T00:30:00;27,355257;10,83816
2024-06-05T00:35:00;27,335647;10,779618
2024-06-05T00:40:00;27,316036;10,730833
2024-06-05T00:45:00;27,286621;10,721076
2024-06-05T00:50:00;27,26701;10,711319
2024-06-05T00:55:00;27,257205;10,691805
2024-06-05T01:00:00;27,227789;10,662534
2024-06-05T01:05:00;27,217984;10,633263
2024-06-05T01:10:00;27,217984;10,594235
2024-06-05T01:15:00;27,198374;10,603992
2024-06-05T01:20:00;27,178763;10,574721
2024-06-05T01:25:00;27,149348;10,555207
2024-06-05T01:30:00;27,129737;10,54545
2024-06-05T01:35:00;27,110127;10,555207
2024-06-05T01:40:00;27,080711;10,535693
2024-06-05T01:45:00;27,061101;10,54545
2024-06-05T01:50:00;27,051296;10,54545
2024-06-05T01:55:00;27,051296;10,584478
2024-06-05T02:00:00;27,051296;10,603992
2024-06-05T02:05:00;27,02188;10,64302
2024-06-05T02:10:00;27,00227;10,721076
2024-06-05T02:15:00;26,972854;10,779618
2024-06-05T02:20:00;26,943438;10,789375
2024-06-05T02:25:00;26,923828;10,769861
2024-06-05T02:30:00;26,904217;10,74059
2024-06-05T02:35:00;26,894412;10,750347
2024-06-05T02:40:00;26,874802;10,779618
2024-06-05T02:45:00;26,874802;10,808889
2024-06-05T02:50:00;26,864997;10,808889
2024-06-05T02:55:00;26,845386;10,789375
2024-06-05T03:00:00;26,815971;10,779618
2024-06-05T03:05:00;26,79636;10,808889
2024-06-05T03:10:00;26,77675;10,847918
2024-06-05T03:15:00;26,747334;10,925974
2024-06-05T03:20:00;26,737529;10,965002
2024-06-05T03:25:00;26,717918;10,955245
2024-06-05T03:30:00;26,717918;10,994273
2024-06-05T03:35:00;26,717918;10,994273
2024-06-05T03:40:00;26,698308;11,169899
2024-06-05T03:45:00;26,668892;11,374797
2024-06-05T03:50:00;26,649282;11,413825
2024-06-05T03:55:00;26,629672;11,36504
2024-06-05T04:00:00;26,610061;11,618722
2024-06-05T04:05:00;26,590451;11,960218
2024-06-05T04:10:00;26,57084;12,174873
2024-06-05T04:15:00;26,580646;12,584668
2024-06-05T04:20:00;26,57084;12,818836
2024-06-05T04:25:00;26,561035;13,209117
2024-06-05T04:30:00;26,541425;13,453043
2024-06-05T04:35:00;26,521814;13,238389
2024-06-05T04:40:00;26,502204;13,072519
2024-06-05T04:45:00;26,482593;13,062762
2024-06-05T04:50:00;26,472788;13,492071
2024-06-05T04:55:00;26,462983;14,077493
2024-06-05T05:00:00;26,462983;14,253119
2024-06-05T05:05:00;26,462983;14,721456
2024-06-05T05:10:00;26,472788;15,932717
2024-06-05T05:15:00;26,472788;16,13792
2024-06-05T05:20:00;26,462983;15,932717
2024-06-05T05:25:00;26,443373;15,610255
2024-06-05T05:30:00;26,433567;15,219391
2024-06-05T05:35:00;26,423762;14,867812
2024-06-05T05:40:00;26,413957;14,721456
2024-06-05T05:45:00;26,404152;14,760484
2024-06-05T05:50:00;26,404152;14,760484
2024-06-05T05:55:00;26,413957;14,731213
2024-06-05T06:00:00;26,404152;15,014188
2024-06-05T06:05:00;26,404152;15,913174
2024-06-05T06:10:00;26,394346;15,922945
2024-06-05T06:15:00;26,394346;16,079291
2024-06-05T06:20:00;26,394346;16,167235
2024-06-05T06:25:00;26,394346;16,6949
2024-06-05T06:30:00;26,404152;17,183479
2024-06-05T06:35:00;26,413957;17,388682
2024-06-05T06:40:00;26,423762;17,105307
2024-06-05T06:45:00;26,413957;16,558098
2024-06-05T06:50:00;26,413957;16,19655
2024-06-05T06:55:00;26,423762;16,411524
2024-06-05T07:00:00;26,433567;17,25188
2024-06-05T07:05:00;26,443373;17,6232
2024-06-05T07:10:00;26,453178;17,105307
2024-06-05T07:15:00;26,453178;16,626499
2024-06-05T07:20:00;26,462983;16,606956
2024-06-05T07:25:00;26,462983;16,616728
2024-06-05T07:30:00;26,462983;16,548326
2024-06-05T07:35:00;26,472788;16,616728
2024-06-05T07:40:00;26,462983;16,714443
2024-06-05T07:45:00;26,472788;17,036906
2024-06-05T07:50:00;26,472788;17,408226
2024-06-05T07:55:00;26,482593;17,398454
2024-06-05T08:00:00;26,482593;17,642744
2024-06-05T08:05:00;26,512009;18,756704
2024-06-05T08:10:00;26,590451;20,614221
2024-06-05T08:15:00;26,619866;21,377543
2024-06-05T08:20:00;26,649282;21,162247
2024-06-05T08:25:00;26,688503;21,377543
2024-06-05T08:30:00;26,757139;21,387329
2024-06-05T08:35:00;26,815971;21,279681
2024-06-05T08:40:00;26,855191;21,260109
2024-06-05T08:45:00;26,894412;21,494977
2024-06-05T08:50:00;26,963049;21,866852
2024-06-05T08:55:00;27,031685;22,473595
2024-06-05T09:00:00;27,090517;23,090125
2024-06-05T09:05:00;27,159153;23,217345
2024-06-05T09:10:00;27,198374;22,170224
2024-06-05T09:15:00;27,237595;22,082148
2024-06-05T09:20:00;27,316036;22,776967
2024-06-05T09:25:00;27,384673;23,25649
2024-06-05T09:30:00;27,443504;23,784944
2024-06-05T09:35:00;27,512141;24,166605
2024-06-05T09:40:00;27,580777;24,567838
2024-06-05T09:45:00;27,649414;24,87121
2024-06-05T09:50:00;27,727855;25,057233
2024-06-05T09:55:00;27,786687;24,959285
2024-06-05T10:00:00;27,855323;24,841851
2024-06-05T10:05:00;27,914154;24,704845
2024-06-05T10:10:00;27,972986;25,047432
2024-06-05T10:15:00;28,031817;25,400262
2024-06-05T10:20:00;28,071038;24,832065
2024-06-05T10:25:00;28,120064;24,783134
2024-06-05T10:30:00;28,139674;24,518907
2024-06-05T10:35:00;28,1887;24,58741
2024-06-05T10:40:00;28,227921;24,58741
2024-06-05T10:45:00;28,267142;24,499335
2024-06-05T10:50:00;28,306363;23,990453
2024-06-05T10:55:00;28,335778;23,608792
2024-06-05T11:00:00;28,355389;23,354352
2024-06-05T11:05:00;28,39461;23,667509
2024-06-05T11:10:00;28,41422;24,12746
2024-06-05T11:15:00;28,41422;23,677296
2024-06-05T11:20:00;28,41422;23,109697
2024-06-05T11:25:00;28,424025;23,696868
2024-06-05T11:30:00;28,453441;24,166605
2024-06-05T11:35:00;28,473051;24,79292
2024-06-05T11:40:00;28,492662;24,6657
2024-06-05T11:45:00;28,502467;24,293825
2024-06-05T11:50:00;28,522077;23,92195
2024-06-05T11:55:00;28,541688;23,696868
2024-06-05T12:00:00;28,541688;23,775157
2024-06-05T12:05:00;28,541688;23,471786
2024-06-05T12:10:00;28,531883;22,874829
2024-06-05T12:15:00;28,531883;22,698677
2024-06-05T12:20:00;28,522077;23,070552
2024-06-05T12:25:00;28,502467;23,041194
2024-06-05T12:30:00;28,492662;23,070552
2024-06-05T12:35:00;28,482857;23,266276
2024-06-05T12:40:00;28,453441;23,070552
2024-06-05T12:45:00;28,424025;22,708464
2024-06-05T12:50:00;28,39461;22,483381
2024-06-05T12:55:00;28,345584;21,759204
2024-06-05T13:00:00;28,316168;21,348184
2024-06-05T13:05:00;28,276947;21,269895
2024-06-05T13:10:00;28,237726;20,69251
2024-06-05T13:15:00;28,208311;19,997695
2024-06-05T13:20:00;28,16909;19,831578
2024-06-05T13:25:00;28,139674;20,124912
2024-06-05T13:30:00;28,120064;21,475405
2024-06-05T13:35:00;28,090648;21,798349
2024-06-05T13:40:00;28,071038;22,434451
2024-06-05T13:45:00;28,041622;21,954928
2024-06-05T13:50:00;28,022012;21,759204
2024-06-05T13:55:00;27,992596;21,534122
2024-06-05T14:00:00;27,972986;21,455832
2024-06-05T14:05:00;27,953375;21,573267
2024-06-05T14:10:00;27,933765;21,64177
2024-06-05T14:15:00;27,904349;21,044813
2024-06-05T14:20:00;27,884739;20,604435
2024-06-05T14:25:00;27,865128;20,457642
2024-06-05T14:30:00;27,845518;20,105339
2024-06-05T14:35:00;27,816102;19,430943
2024-06-05T14:40:00;27,796492;19,088938
2024-06-05T14:45:00;27,776881;19,088938
2024-06-05T14:50:00;27,757271;19,303912
2024-06-05T14:55:00;27,73766;19,196425
2024-06-05T15:00:00;27,708245;18,961907
2024-06-05T15:05:00;27,688634;18,893506
2024-06-05T15:10:00;27,669024;18,707846
2024-06-05T15:15:00;27,659219;18,42447
2024-06-05T15:20:00;27,629803;18,199724
2024-06-05T15:25:00;27,610193;17,847947
2024-06-05T15:30:00;27,600388;17,779546
2024-06-05T15:35:00;27,580777;17,779546
2024-06-05T15:40:00;27,570972;17,701373
2024-06-05T15:45:00;27,551361;17,505941
2024-06-05T15:50:00;27,521946;17,388682
2024-06-05T15:55:00;27,502335;17,43754
2024-06-05T16:00:00;27,49253;17,525485
2024-06-05T16:05:00;27,482725;17,603657
2024-06-05T16:10:00;27,47292;17,691602
2024-06-05T16:15:00;27,47292;17,476627
2024-06-05T16:20:00;27,463115;17,203022
2024-06-05T16:25:00;27,453309;17,056449
2024-06-05T16:30:00;27,433699;16,997819
2024-06-05T16:35:00;27,423894;16,88056
2024-06-05T16:40:00;27,414088;16,890332
2024-06-05T16:45:00;27,414088;17,007591
2024-06-05T16:50:00;27,404283;16,831702
2024-06-05T16:55:00;27,394478;16,704672
2024-06-05T17:00:00;27,394478;16,558098
2024-06-05T17:05:00;27,374868;16,450611
2024-06-05T17:10:00;27,365062;16,352895
2024-06-05T17:15:00;27,355257;16,235636
2024-06-05T17:20:00;27,335647;16,245407
2024-06-05T17:25:00;27,325842;16,372438
2024-06-05T17:30:00;27,325842;16,284494
2024-06-05T17:35:00;27,325842;16,235636
2024-06-05T17:40:00;27,325842;16,216093
2024-06-05T17:45:00;27,316036;16,225864
2024-06-05T17:50:00;27,325842;16,089062
2024-06-05T17:55:00;27,316036;15,795915
2024-06-05T18:00:00;27,316036;15,776372
2024-06-05T18:05:00;27,325842;15,981575
2024-06-05T18:10:00;27,306231;16,059747
2024-06-05T18:15:00;27,296426;15,835001
2024-06-05T18:20:00;27,276816;15,629798
2024-06-05T18:25:00;27,26701;15,463681
2024-06-05T18:30:00;27,257205;15,365965
2024-06-05T18:35:00;27,2474;15,346422
2024-06-05T18:40:00;27,2474;15,170533
2024-06-05T18:45:00;27,2474;15,043503
2024-06-05T18:50:00;27,227789;14,887326
2024-06-05T18:55:00;27,217984;14,614129
2024-06-05T19:00:00;27,198374;14,389717
2024-06-05T19:05:00;27,178763;14,077493
2024-06-05T19:10:00;27,168958;13,843324
2024-06-05T19:15:00;27,149348;13,716483
2024-06-05T19:20:00;27,139543;13,648184
2024-06-05T19:25:00;27,139543;13,696969
2024-06-05T19:30:00;27,129737;13,687212
2024-06-05T19:35:00;27,119932;13,638427
2024-06-05T19:40:00;27,100322;13,648184
2024-06-05T19:45:00;27,100322;13,677455
2024-06-05T19:50:00;27,090517;13,687212
2024-06-05T19:55:00;27,070906;13,687212
2024-06-05T20:00:00;27,061101;13,794539
2024-06-05T20:05:00;27,04149;13,901866
2024-06-05T20:10:00;27,04149;13,940894
2024-06-05T20:15:00;27,031685;13,940894
2024-06-05T20:20:00;27,031685;13,853081
2024-06-05T20:25:00;27,02188;13,814053
2024-06-05T20:30:00;27,00227;13,804296
2024-06-05T20:35:00;26,982659;13,833567
2024-06-05T20:40:00;26,972854;13,82381
2024-06-05T20:45:00;26,963049;13,784782
2024-06-05T20:50:00;26,953244;13,814053
2024-06-05T20:55:00;26,933633;13,82381
2024-06-05T21:00:00;26,933633;13,814053
2024-06-05T21:05:00;26,943438;13,82381
2024-06-05T21:10:00;26,933633;13,814053
2024-06-05T21:15:00;26,923828;13,765268
2024-06-05T21:20:00;26,923828;13,716483
2024-06-05T21:25:00;26,894412;13,62867
2024-06-05T21:30:00;26,884607;13,579884
2024-06-05T21:35:00;26,874802;13,521342
2024-06-05T21:40:00;26,874802;13,4628
2024-06-05T21:45:00;26,864997;13,482314
2024-06-05T21:50:00;26,845386;13,414015
2024-06-05T21:55:00;26,855191;13,257903
2024-06-05T22:00:00;26,845386;13,121304
2024-06-05T22:05:00;26,835581;13,00422
2024-06-05T22:10:00;26,815971;12,90665
2024-06-05T22:15:00;26,79636;12,818836
2024-06-05T22:20:00;26,77675;12,750537
2024-06-05T22:25:00;26,757139;12,691995
2024-06-05T22:30:00;26,737529;12,633453
2024-06-05T22:35:00;26,727724;12,594425
2024-06-05T22:40:00;26,727724;12,555397
2024-06-05T22:45:00;26,717918;12,526126
2024-06-05T22:50:00;26,708113;12,477341
2024-06-05T22:55:00;26,698308;12,44807
2024-06-05T23:00:00;26,668892;12,409041
2024-06-05T23:05:00;26,649282;12,37977
2024-06-05T23:10:00;26,629672;12,321228
2024-06-05T23:15:00;26,619866;12,291957
2024-06-05T23:20:00;26,600256;12,2822
2024-06-05T23:25:00;26,590451;12,262686
2024-06-05T23:30:00;26,580646;12,213901
2024-06-05T23:35:00;26,561035;12,174873
2024-06-05T23:40:00;26,55123;12,174873
2024-06-05T23:45:00;26,531619;12,18463
2024-06-05T23:50:00;26,521814;12,18463
2024-06-05T23:55:00;26,492399;12,155359
2024-06-06T00:00:00;26,492399;12,126088
2024-06-06T00:05:00;26,453178;12,135845
2024-06-06T00:10:00;26,453178;12,135845
2024-06-06T00:15:00;26,462983;12,135845
2024-06-06T00:20:00;26,453178;12,116331
2024-06-06T00:25:00;26,443373;12,096817
2024-06-06T00:30:00;26,413957;12,08706
2024-06-06T00:35:00;26,394346;12,067546
2024-06-06T00:40:00;26,374736;12,038275
2024-06-06T00:45:00;26,355126;12,028517
2024-06-06T00:50:00;26,335515;11,969975
2024-06-06T00:55:00;26,315905;11,911433
2024-06-06T01:00:00;26,315905;11,843134
2024-06-06T01:05:00;26,315905;11,794349
2024-06-06T01:10:00;26,315905;11,755321
2024-06-06T01:15:00;26,286489;11,706536
2024-06-06T01:20:00;26,257074;11,72605
2024-06-06T01:25:00;26,227658;11,784592
2024-06-06T01:30:00;26,227658;11,784592
2024-06-06T01:35:00;26,198242;11,755321
2024-06-06T01:40:00;26,168827;11,706536
2024-06-06T01:45:00;26,149216;11,638237
2024-06-06T01:50:00;26,149216;11,608965
2024-06-06T01:55:00;26,159021;11,638237
2024-06-06T02:00:00;26,149216;11,72605
2024-06-06T02:05:00;26,119801;11,735807
2024-06-06T02:10:00;26,090385;11,755321
2024-06-06T02:15:00;26,070775;11,696779
2024-06-06T02:20:00;26,060969;11,579694
2024-06-06T02:25:00;26,041359;11,423582
2024-06-06T02:30:00;26,021748;11,247956
2024-06-06T02:35:00;26,011943;11,111357
2024-06-06T02:40:00;26,021748;11,033301
2024-06-06T02:45:00;26,011943;10,994273
2024-06-06T02:50:00;25,992333;10,925974
2024-06-06T02:55:00;25,972722;10,867432
2024-06-06T03:00:00;25,953112;10,818646
2024-06-06T03:05:00;25,943307;10,799132
2024-06-06T03:10:00;25,933502;10,760104
2024-06-06T03:15:00;25,913891;10,701562
2024-06-06T03:20:00;25,894281;10,64302
2024-06-06T03:25:00;25,894281;10,574721
2024-06-06T03:30:00;25,894281;10,54545
2024-06-06T03:35:00;25,87467;10,535693
2024-06-06T03:40:00;25,864865;10,574721
2024-06-06T03:45:00;25,835449;10,633263
2024-06-06T03:50:00;25,825644;10,662534
2024-06-06T03:55:00;25,806034;10,730833
2024-06-06T04:00:00;25,786423;10,828403
2024-06-06T04:05:00;25,786423;10,83816
2024-06-06T04:10:00;25,776618;10,760104
2024-06-06T04:15:00;25,766813;10,721076
2024-06-06T04:20:00;25,766813;10,857675
2024-06-06T04:25:00;25,747203;11,140628
2024-06-06T04:30:00;25,737397;11,667508
2024-06-06T04:35:00;25,727592;11,852891
2024-06-06T04:40:00;25,717787;11,550423
2024-06-06T04:45:00;25,707982;11,374797
2024-06-06T04:50:00;25,688371;12,077303
2024-06-06T04:55:00;25,688371;12,965192
2024-06-06T05:00:00;25,688371;13,238389
2024-06-06T05:05:00;25,678566;13,092033
2024-06-06T05:10:00;25,678566;12,711509
2024-06-06T05:15:00;25,658956;12,399284
2024-06-06T05:20:00;25,658956;12,213901
2024-06-06T05:25:00;25,64915;11,813863
2024-06-06T05:30:00;25,62954;11,443096
2024-06-06T05:35:00;25,619735;11,423582
2024-06-06T05:40:00;25,619735;12,389527
2024-06-06T05:45:00;25,62954;13,814053
2024-06-06T05:50:00;25,639345;15,219391
2024-06-06T05:55:00;25,668761;16,147692
2024-06-06T06:00:00;25,678566;16,724215
2024-06-06T06:05:00;25,707982;17,144393
2024-06-06T06:10:00;25,727592;17,6232
2024-06-06T06:15:00;25,747203;17,838175
2024-06-06T06:20:00;25,776618;18,131323
2024-06-06T06:25:00;25,806034;18,658988
2024-06-06T06:30:00;25,825644;19,274598
2024-06-06T06:35:00;25,87467;19,714319
2024-06-06T06:40:00;25,913891;20,056408
2024-06-06T06:45:00;25,972722;20,252132
2024-06-06T06:50:00;26,021748;20,663152
2024-06-06T06:55:00;26,060969;21,093744
2024-06-06T07:00:00;26,109995;21,494977
2024-06-06T07:05:00;26,159021;21,886424
2024-06-06T07:10:00;26,198242;22,091934
2024-06-06T07:15:00;26,247268;22,30723
2024-06-06T07:20:00;26,286489;22,71825
2024-06-06T07:25:00;26,34532;23,236917
2024-06-06T07:30:00;26,394346;22,767181
2024-06-06T07:35:00;26,433567;22,786753
2024-06-06T07:40:00;26,482593;22,649747
2024-06-06T07:45:00;26,531619;22,913973
2024-06-06T07:50:00;26,57084;23,197773
2024-06-06T07:55:00;26,619866;22,953118
2024-06-06T08:00:00;26,659087;22,473595
2024-06-06T08:05:00;26,708113;22,532312
2024-06-06T08:10:00;26,766945;22,913973
2024-06-06T08:15:00;26,825776;23,25649
2024-06-06T08:20:00;26,884607;23,364138
2024-06-06T08:25:00;26,933633;23,530503
2024-06-06T08:30:00;26,992464;23,422855
2024-06-06T08:35:00;27,04149;23,099911
2024-06-06T08:40:00;27,100322;22,71825
2024-06-06T08:45:00;27,149348;22,679105
2024-06-06T08:50:00;27,198374;23,070552
2024-06-06T08:55:00;27,2474;23,266276
2024-06-06T09:00:00;27,306231;23,736013
2024-06-06T09:05:00;27,365062;24,53848
2024-06-06T09:10:00;27,414088;25,057233
2024-06-06T09:15:00;27,47292;25,361058
2024-06-06T09:20:00;27,521946;25,194444
2024-06-06T09:25:00;27,580777;24,890782
2024-06-06T09:30:00;27,639608;24,714631
2024-06-06T09:35:00;27,678829;24,724417
2024-06-06T09:40:00;27,71805;24,929927
2024-06-06T09:45:00;27,767076;24,79292
2024-06-06T09:50:00;27,806297;24,704845
2024-06-06T09:55:00;27,825907;24,450404
2024-06-06T10:00:00;27,845518;23,647937
2024-06-06T10:05:00;27,855323;23,1782
2024-06-06T10:10:00;27,884739;23,1782
2024-06-06T10:15:00;27,914154;23,080339
2024-06-06T10:20:00;27,953375;23,354352
2024-06-06T10:25:00;27,982791;23,393496
2024-06-06T10:30:00;28,022012;23,031408
2024-06-06T10:35:00;28,051427;23,285848
2024-06-06T10:40:00;28,080843;23,442427
2024-06-06T10:45:00;28,120064;23,462
2024-06-06T10:50:00;28,159285;23,628365
2024-06-06T10:55:00;28,1887;23,38371
2024-06-06T11:00:00;28,218116;23,422855
2024-06-06T11:05:00;28,247531;23,217345
2024-06-06T11:10:00;28,247531;22,542099
2024-06-06T11:15:00;28,227921;22,268085
2024-06-06T11:20:00;28,198505;21,56348
2024-06-06T11:25:00;28,159285;21,172033
2024-06-06T11:30:00;28,120064;20,330421
2024-06-06T11:35:00;28,080843;19,655689
2024-06-06T11:40:00;28,090648;20,193415
2024-06-06T11:45:00;28,080843;21,152461
2024-06-06T11:50:00;28,080843;21,240536
2024-06-06T11:55:00;28,090648;21,406901
2024-06-06T12:00:00;28,100453;21,671128
2024-06-06T12:05:00;28,110259;21,328612
2024-06-06T12:10:00;28,110259;21,181819
2024-06-06T12:15:00;28,100453;21,260109
2024-06-06T12:20:00;28,090648;20,966523
2024-06-06T12:25:00;28,090648;20,594648
2024-06-06T12:30:00;28,061232;20,545717
2024-06-06T12:35:00;28,051427;20,69251
2024-06-06T12:40:00;28,012206;20,643579
2024-06-06T12:45:00;27,992596;20,69251
2024-06-06T12:50:00;27,96318;21,044813
2024-06-06T12:55:00;27,923959;21,211178
2024-06-06T13:00:00;27,884739;20,761013
2024-06-06T13:05:00;27,855323;20,624007
2024-06-06T13:10:00;27,816102;20,731655
2024-06-06T13:15:00;27,776881;20,418497
2024-06-06T13:20:00;27,727855;20,203201
2024-06-06T13:25:00;27,678829;20,291277
2024-06-06T13:30:00;27,639608;20,408711
2024-06-06T13:35:00;27,590582;20,261918
2024-06-06T13:40:00;27,561167;19,948837
2024-06-06T13:45:00;27,521946;19,987923
2024-06-06T13:50:00;27,47292;19,958608
2024-06-06T13:55:00;27,443504;19,90975
2024-06-06T14:00:00;27,404283;19,626375
2024-06-06T14:05:00;27,374868;19,499344
2024-06-06T14:10:00;27,355257;19,489572
2024-06-06T14:15:00;27,325842;19,567745
2024-06-06T14:20:00;27,306231;19,509116
2024-06-06T14:25:00;27,276816;19,440715
2024-06-06T14:30:00;27,257205;19,255055
2024-06-06T14:35:00;27,227789;19,088938
2024-06-06T14:40:00;27,217984;18,834877
2024-06-06T14:45:00;27,198374;18,61013
2024-06-06T14:50:00;27,178763;18,346297
2024-06-06T14:55:00;27,159153;18,004292
2024-06-06T15:00:00;27,139543;17,662287
2024-06-06T15:05:00;27,129737;17,281195
2024-06-06T15:10:00;27,110127;16,909875
2024-06-06T15:15:00;27,090517;16,841474
2024-06-06T15:20:00;27,080711;16,763301
2024-06-06T15:25:00;27,061101;16,528783
2024-06-06T15:30:00;27,04149;16,411524
2024-06-06T15:35:00;27,031685;16,391981
2024-06-06T15:40:00;27,012075;16,304037
2024-06-06T15:45:00;27,00227;16,235636
2024-06-06T15:50:00;26,982659;16,274722
2024-06-06T15:55:00;26,972854;16,235636
2024-06-06T16:00:00;26,953244;16,108605
2024-06-06T16:05:00;26,943438;15,962032
2024-06-06T16:10:00;26,923828;15,874087
2024-06-06T16:15:00;26,904217;15,844773
2024-06-06T16:20:00;26,904217;15,864316
2024-06-06T16:25:00;26,894412;15,971803
2024-06-06T16:30:00;26,904217;16,19655
2024-06-06T16:35:00;26,894412;16,284494
2024-06-06T16:40:00;26,884607;16,274722
2024-06-06T16:45:00;26,884607;16,284494
2024-06-06T16:50:00;26,874802;16,206321
2024-06-06T16:55:00;26,864997;16,098834
2024-06-06T17:00:00;26,855191;16,049976
2024-06-06T17:05:00;26,845386;15,991346
2024-06-06T17:10:00;26,835581;15,991346
2024-06-06T17:15:00;26,835581;15,922945
2024-06-06T17:20:00;26,825776;15,649341
2024-06-06T17:25:00;26,815971;15,737285
2024-06-06T17:30:00;26,806165;15,932717
2024-06-06T17:35:00;26,79636;16,069519
2024-06-06T17:40:00;26,786555;16,284494
2024-06-06T17:45:00;26,786555;16,440839
2024-06-06T17:50:00;26,77675;16,343123
2024-06-06T17:55:00;26,77675;16,049976
2024-06-06T18:00:00;26,766945;15,747057
2024-06-06T18:05:00;26,757139;15,58094
2024-06-06T18:10:00;26,757139;15,414823
2024-06-06T18:15:00;26,757139;15,297564
2024-06-06T18:20:00;26,747334;15,326879
2024-06-06T18:25:00;26,747334;15,600483
2024-06-06T18:30:00;26,747334;15,903402
2024-06-06T18:35:00;26,737529;16,304037
2024-06-06T18:40:00;26,737529;16,597184
2024-06-06T18:45:00;26,737529;16,861017
2024-06-06T18:50:00;26,737529;16,93919
2024-06-06T18:55:00;26,737529;16,870789
2024-06-06T19:00:00;26,737529;16,812159
2024-06-06T19:05:00;26,727724;16,733987
2024-06-06T19:10:00;26,727724;16,75353
2024-06-06T19:15:00;26,727724;16,714443
2024-06-06T19:20:00;26,717918;16,616728
2024-06-06T19:25:00;26,717918;16,606956
2024-06-06T19:30:00;26,717918;16,665585
2024-06-06T19:35:00;26,727724;16,665585
2024-06-06T19:40:00;26,727724;16,626499
2024-06-06T19:45:00;26,727724;16,538555
2024-06-06T19:50:00;26,717918;16,440839
2024-06-06T19:55:00;26,717918;16,32358
2024-06-06T20:00:00;26,708113;16,206321
2024-06-06T20:05:00;26,698308;16,098834
2024-06-06T20:10:00;26,698308;16,040204
2024-06-06T20:15:00;26,698308;15,95226
2024-06-06T20:20:00;26,698308;15,825229
2024-06-06T20:25:00;26,688503;15,717742
2024-06-06T20:30:00;26,698308;15,571168
2024-06-06T20:35:00;26,688503;15,414823
2024-06-06T20:40:00;26,688503;15,297564
2024-06-06T20:45:00;26,688503;15,190077
2024-06-06T20:50:00;26,678698;15,072818
2024-06-06T20:55:00;26,678698;14,955625
2024-06-06T21:00:00;26,678698;14,848298
2024-06-06T21:05:00;26,668892;14,828784
2024-06-06T21:10:00;26,678698;14,750727
2024-06-06T21:15:00;26,678698;14,584858
2024-06-06T21:20:00;26,668892;14,438503
2024-06-06T21:25:00;26,668892;14,272633
2024-06-06T21:30:00;26,649282;14,097007
2024-06-06T21:35:00;26,649282;13,911623
2024-06-06T21:40:00;26,629672;13,72624
2024-06-06T21:45:00;26,619866;13,550613
2024-06-06T21:50:00;26,600256;13,443286
2024-06-06T21:55:00;26,610061;13,36523
2024-06-06T22:00:00;26,600256;13,296931
2024-06-06T22:05:00;26,600256;13,218875
2024-06-06T22:10:00;26,590451;13,140818
2024-06-06T22:15:00;26,580646;13,072519
2024-06-06T22:20:00;26,561035;13,013977
2024-06-06T22:25:00;26,55123;12,926164
2024-06-06T22:30:00;26,541425;12,838351
2024-06-06T22:35:00;26,512009;12,779808
2024-06-06T22:40:00;26,492399;12,760294
2024-06-06T22:45:00;26,482593;12,691995
2024-06-06T22:50:00;26,492399;12,789565
2024-06-06T22:55:00;26,472788;12,877379
2024-06-06T23:00:00;26,462983;12,887136
2024-06-06T23:05:00;26,443373;12,857865
2024-06-06T23:10:00;26,423762;12,848108
2024-06-06T23:15:00;26,404152;12,770051
2024-06-06T23:20:00;26,394346;12,691995
2024-06-06T23:25:00;26,384541;12,594425
2024-06-06T23:30:00;26,364931;12,535883
2024-06-06T23:35:00;26,355126;12,44807
2024-06-06T23:40:00;26,34532;12,360256
2024-06-06T23:45:00;26,32571;12,262686
2024-06-06T23:50:00;26,315905;12,165116
2024-06-06T23:55:00;26,296294;12,126088
2024-06-07T00:00:00;26,276684;12,077303
2024-06-07T00:05:00;26,257074;11,960218
2024-06-07T00:10:00;26,237463;11,82362
2024-06-07T00:15:00;26,217853;11,72605
2024-06-07T00:20:00;26,217853;11,745564
2024-06-07T00:25:00;26,208047;11,794349
2024-06-07T00:30:00;26,198242;11,794349
2024-06-07T00:35:00;26,178632;11,755321
2024-06-07T00:40:00;26,149216;11,696779
2024-06-07T00:45:00;26,129606;11,667508
2024-06-07T00:50:00;26,119801;11,599208
2024-06-07T00:55:00;26,10019;11,482124
2024-06-07T01:00:00;26,08058;11,345526
2024-06-07T01:05:00;26,070775;11,208927
2024-06-07T01:10:00;26,070775;11,111357
2024-06-07T01:15:00;26,060969;11,043058
2024-06-07T01:20:00;26,041359;11,033301
2024-06-07T01:25:00;26,021748;11,033301
2024-06-07T01:30:00;25,992333;10,974759
2024-06-07T01:35:00;25,972722;10,886946
2024-06-07T01:40:00;25,962917;10,769861
2024-06-07T01:45:00;25,943307;10,672291
2024-06-07T01:50:00;25,923696;10,613749
2024-06-07T01:55:00;25,913891;10,535693
2024-06-07T02:00:00;25,923696;10,457637
2024-06-07T02:05:00;25,913891;10,321038
2024-06-07T02:10:00;25,894281;10,08687
2024-06-07T02:15:00;25,864865;9,911371
2024-06-07T02:20:00;25,85506;9,774968
2024-06-07T02:25:00;25,825644;9,726253
2024-06-07T02:30:00;25,806034;9,726253
2024-06-07T02:35:00;25,786423;9,658052
2024-06-07T02:40:00;25,776618;9,658052
2024-06-07T02:45:00;25,766813;9,697024
2024-06-07T02:50:00;25,766813;9,638566
2024-06-07T02:55:00;25,757008;9,560622
2024-06-07T03:00:00;25,727592;9,433963
2024-06-07T03:05:00;25,707982;9,414477
2024-06-07T03:10:00;25,678566;9,502164
2024-06-07T03:15:00;25,658956;9,511907
2024-06-07T03:20:00;25,639345;9,502164
2024-06-07T03:25:00;25,619735;9,463192
2024-06-07T03:30:00;25,60993;9,463192
2024-06-07T03:35:00;25,60993;9,394991
2024-06-07T03:40:00;25,60993;9,531393
2024-06-07T03:45:00;25,590319;10,028327
2024-06-07T03:50:00;25,570709;10,418608
2024-06-07T03:55:00;25,560904;10,760104
2024-06-07T04:00:00;25,541293;10,847918
2024-06-07T04:05:00;25,521683;11,013787
2024-06-07T04:10:00;25,502072;11,218684
2024-06-07T04:15:00;25,492267;11,618722
2024-06-07T04:20:00;25,492267;11,930947
2024-06-07T04:25:00;25,492267;12,096817
2024-06-07T04:30:00;25,482462;12,08706
2024-06-07T04:35:00;25,462851;12,174873
2024-06-07T04:40:00;25,453046;12,340742
2024-06-07T04:45:00;25,443241;12,623696
2024-06-07T04:50:00;25,433436;12,955435
2024-06-07T04:55:00;25,433436;13,277417
2024-06-07T05:00:00;25,433436;13,531099
2024-06-07T05:05:00;25,433436;13,745754
2024-06-07T05:10:00;25,433436;14,126278
2024-06-07T05:15:00;25,453046;14,44826
2024-06-07T05:20:00;25,443241;14,6434
2024-06-07T05:25:00;25,443241;14,975139
2024-06-07T05:30:00;25,443241;15,346422
2024-06-07T05:35:00;25,453046;15,727514
2024-06-07T05:40:00;25,462851;16,010889
2024-06-07T05:45:00;25,472657;16,421296
2024-06-07T05:50:00;25,482462;16,851245
2024-06-07T05:55:00;25,502072;17,339825
2024-06-07T06:00:00;25,521683;17,672058
2024-06-07T06:05:00;25,531488;18,014064
2024-06-07T06:10:00;25,560904;18,23881
2024-06-07T06:15:00;25,580514;18,346297
2024-06-07T06:20:00;25,600124;18,375612
2024-06-07T06:25:00;25,619735;18,336526
2024-06-07T06:30:00;25,658956;18,307211
2024-06-07T06:35:00;25,688371;18,453785
2024-06-07T06:40:00;25,717787;18,453785
2024-06-07T06:45:00;25,757008;18,658988
2024-06-07T06:50:00;25,806034;18,746932
2024-06-07T06:55:00;25,845255;18,688303
2024-06-07T07:00:00;25,884475;18,737161
2024-06-07T07:05:00;25,923696;19,147567
2024-06-07T07:10:00;25,962917;19,460258
2024-06-07T07:15:00;26,002138;20,036836
2024-06-07T07:20:00;26,041359;20,624007
2024-06-07T07:25:00;26,090385;21,064385
2024-06-07T07:30:00;26,139411;21,289467
2024-06-07T07:35:00;26,198242;21,406901
2024-06-07T07:40:00;26,247268;21,377543
2024-06-07T07:45:00;26,3061;21,455832
2024-06-07T07:50:00;26,364931;21,720059
2024-06-07T07:55:00;26,423762;22,189796
2024-06-07T08:00:00;26,492399;22,483381
2024-06-07T08:05:00;26,541425;22,679105
2024-06-07T08:10:00;26,600256;22,874829
2024-06-07T08:15:00;26,649282;22,835684
2024-06-07T08:20:00;26,708113;23,197773
2024-06-07T08:25:00;26,757139;23,070552
2024-06-07T08:30:00;26,806165;23,021621
2024-06-07T08:35:00;26,864997;23,530503
2024-06-07T08:40:00;26,914023;23,863233
2024-06-07T08:45:00;26,963049;24,313397
2024-06-07T08:50:00;27,02188;24,00024
2024-06-07T08:55:00;27,070906;24,186177
2024-06-07T09:00:00;27,119932;24,548266
2024-06-07T09:05:00;27,178763;24,685272
2024-06-07T09:10:00;27,227789;24,920141
2024-06-07T09:15:00;27,276816;24,851637
2024-06-07T09:20:00;27,325842;25,018029
2024-06-07T09:25:00;27,384673;24,99843
2024-06-07T09:30:00;27,433699;24,920141
2024-06-07T09:35:00;27,47292;24,743989
2024-06-07T09:40:00;27,512141;24,695058
2024-06-07T09:45:00;27,561167;24,342756
2024-06-07T09:50:00;27,590582;24,401473
2024-06-07T09:55:00;27,629803;24,450404
2024-06-07T10:00:00;27,688634;24,401473
2024-06-07T10:05:00;27,727855;24,078529
2024-06-07T10:10:00;27,757271;24,284039
2024-06-07T10:15:00;27,806297;24,440618
2024-06-07T10:20:00;27,835713;23,970881
2024-06-07T10:25:00;27,865128;23,38371
2024-06-07T10:30:00;27,894544;23,364138
2024-06-07T10:35:00;27,923959;23,569648
2024-06-07T10:40:00;27,94357;23,393496
2024-06-07T10:45:00;27,972986;23,334779
2024-06-07T10:50:00;28,002401;23,246704
2024-06-07T10:55:00;28,022012;23,266276
2024-06-07T11:00:00;28,041622;22,953118
2024-06-07T11:05:00;28,061232;22,502954
2024-06-07T11:10:00;28,071038;22,238727
2024-06-07T11:15:00;28,080843;22,072362
2024-06-07T11:20:00;28,110259;22,199582
2024-06-07T11:25:00;28,100453;22,405092
2024-06-07T11:30:00;28,110259;22,326803
2024-06-07T11:35:00;28,120064;22,228941
2024-06-07T11:40:00;28,129869;22,091934
2024-06-07T11:45:00;28,129869;21,984286
2024-06-07T11:50:00;28,129869;21,954928
2024-06-07T11:55:00;28,120064;21,925569
2024-06-07T12:00:00;28,110259;21,945141
2024-06-07T12:05:00;28,100453;21,76899
2024-06-07T12:10:00;28,090648;21,602625
2024-06-07T12:15:00;28,071038;21,749418
2024-06-07T12:20:00;28,051427;21,76899
2024-06-07T12:25:00;28,031817;21,827707
2024-06-07T12:30:00;28,012206;21,817921
2024-06-07T12:35:00;27,992596;21,64177
2024-06-07T12:40:00;27,96318;21,622197
2024-06-07T12:45:00;27,923959;21,534122
2024-06-07T12:50:00;27,894544;21,514549
2024-06-07T12:55:00;27,855323;21,455832
2024-06-07T13:00:00;27,825907;21,367757
2024-06-07T13:05:00;27,776881;21,583053
2024-06-07T13:10:00;27,747466;21,524336
2024-06-07T13:15:00;27,71805;21,260109
2024-06-07T13:20:00;27,669024;21,162247
2024-06-07T13:25:00;27,629803;21,504763